{"28.496,-98.82":{"projects":16,"total_mw":3681.53,"active_mw":3681.53},"32.167,-96.119":{"projects":6,"total_mw":2333.75,"active_mw":2333.75},"30.095,-99.628":{"projects":26,"total_mw":6625.77,"active_mw":4409.77},"29.634,-98.497":{"projects":10,"total_mw":1811.9900000000002,"active_mw":1811.9900000000002},"29.175,-95.45":{"projects":6,"total_mw":781.4899999999999,"active_mw":781.4899999999999},"33.402,-95.483":{"projects":5,"total_mw":709.13,"active_mw":679.13},"29.285,-95.282":{"projects":1,"total_mw":351.4,"active_mw":351.4},"26.261,-97.489":{"projects":5,"total_mw":875.3299999999999,"active_mw":875.3299999999999},"29.871,-97.677":{"projects":6,"total_mw":479.14,"active_mw":479.14},"29.156,-95.683":{"projects":24,"total_mw":4184.070000000001,"active_mw":3305.07},"30.437,-98.709":{"projects":8,"total_mw":3297.4800000000005,"active_mw":3297.4800000000005},"33.174,-96.356":{"projects":4,"total_mw":1005.94,"active_mw":1005.94},"32.804,-98.892":{"projects":3,"total_mw":301.4,"active_mw":301.4},"30.076,-94.733":{"projects":12,"total_mw":1484.73,"active_mw":1290.63},"31.661,-96.76":{"projects":17,"total_mw":2766.81,"active_mw":1966.81},"27.194,-98.207":{"projects":2,"total_mw":241.49,"active_mw":241.49},"29.537,-96.546":{"projects":7,"total_mw":884.85,"active_mw":884.85},"33.558,-98.695":{"projects":1,"total_mw":105.73,"active_mw":105.73},"31.891,-98.615":{"projects":18,"total_mw":7208.17,"active_mw":5678.37},"32.469,-96.991":{"projects":3,"total_mw":54.0,"active_mw":54.0},"29.516,-96.12":{"projects":2,"total_mw":337.05,"active_mw":337.05},"31.687,-98.187":{"projects":5,"total_mw":517.13,"active_mw":342.13},"33.145,-98.353":{"projects":6,"total_mw":1166.0000000000002,"active_mw":1166.0000000000002},"30.859,-98.861":{"projects":11,"total_mw":2151.05,"active_mw":1863.0500000000002},"30.531,-98.378":{"projects":10,"total_mw":2926.16,"active_mw":2191.76},"33.189,-96.109":{"projects":3,"total_mw":300.15999999999997,"active_mw":50.16},"32.611,-96.444":{"projects":12,"total_mw":2221.5,"active_mw":666.5},"34.132,-99.107":{"projects":36,"total_mw":9596.95,"active_mw":3600.8},"32.118,-97.576":{"projects":2,"total_mw":505.0,"active_mw":505.0},"32.459,-100.358":{"projects":19,"total_mw":3837.7599999999998,"active_mw":2847.7599999999998},"29.477,-97.449":{"projects":2,"total_mw":207.6,"active_mw":207.6},"32.336,-102.697":{"projects":8,"total_mw":2137.26,"active_mw":1786.56},"32.405,-100.711":{"projects":1,"total_mw":204.96,"active_mw":204.96},"28.422,-99.733":{"projects":2,"total_mw":153.31,"active_mw":153.31},"32.022,-97.133":{"projects":2,"total_mw":168.81,"active_mw":168.81},"28.936,-98.429":{"projects":28,"total_mw":6387.87,"active_mw":2609.17},"32.326,-95.974":{"projects":2,"total_mw":409.62,"active_mw":409.62},"31.194,-102.238":{"projects":8,"total_mw":2097.34,"active_mw":2097.34},"29.396,-100.44":{"projects":6,"total_mw":905.7,"active_mw":905.7},"31.852,-95.888":{"projects":2,"total_mw":287.26,"active_mw":137.26},"27.986,-98.06":{"projects":3,"total_mw":153.29000000000002,"active_mw":153.29000000000002},"29.813,-95.584":{"projects":2,"total_mw":719.6300000000001,"active_mw":719.6300000000001},"31.503,-96.52":{"projects":4,"total_mw":368.97,"active_mw":368.97},"31.735,-95.531":{"projects":3,"total_mw":281.03999999999996,"active_mw":281.03999999999996},"26.216,-98.24":{"projects":2,"total_mw":204.41000000000003,"active_mw":204.41000000000003},"26.319,-98.37":{"projects":62,"total_mw":11861.27,"active_mw":2613.37},"26.256,-97.668":{"projects":2,"total_mw":200.76,"active_mw":200.76},"33.319,-95.368":{"projects":7,"total_mw":1112.8600000000001,"active_mw":1071.8600000000001},"30.627,-97.17":{"projects":2,"total_mw":386.08,"active_mw":386.08},"29.381,-95.47":{"projects":3,"total_mw":357.97,"active_mw":357.97},"31.102,-98.259":{"projects":3,"total_mw":393.70000000000005,"active_mw":393.70000000000005},"30.095,-95.586":{"projects":1,"total_mw":103.05,"active_mw":103.05},"29.61,-98.747":{"projects":1,"total_mw":102.77,"active_mw":102.77},"32.171,-97.291":{"projects":2,"total_mw":276.0,"active_mw":276.0},"29.115,-98.209":{"projects":2,"total_mw":346.61,"active_mw":346.61},"28.805,-96.985":{"projects":5,"total_mw":870.6300000000001,"active_mw":870.6300000000001},"30.062,-95.384":{"projects":1,"total_mw":309.8,"active_mw":309.8},"31.474,-96.009":{"projects":25,"total_mw":4884.23,"active_mw":2039.23},"29.79,-94.859":{"projects":1,"total_mw":200.82,"active_mw":200.82},"30.563,-97.908":{"projects":1,"total_mw":101.2,"active_mw":101.2},"33.246,-96.631":{"projects":2,"total_mw":393.01,"active_mw":393.01},"29.833,-95.051":{"projects":7,"total_mw":943.81,"active_mw":608.81},"30.048,-95.834":{"projects":1,"total_mw":157.7,"active_mw":157.7},"26.546,-98.716":{"projects":2,"total_mw":350.56,"active_mw":350.56},"30.08,-95.932":{"projects":1,"total_mw":200.81,"active_mw":200.81},"30.42,-97.036":{"projects":4,"total_mw":480.15999999999997,"active_mw":280.15999999999997},"32.989,-95.913":{"projects":2,"total_mw":225.81,"active_mw":125.81},"31.739,-99.934":{"projects":1,"total_mw":100.65,"active_mw":100.65},"27.307,-97.78":{"projects":1,"total_mw":75.0,"active_mw":75.0},"26.488,-97.739":{"projects":1,"total_mw":101.2,"active_mw":101.2},"31.149,-97.633":{"projects":4,"total_mw":920.49,"active_mw":920.49},"31.748,-99.033":{"projects":1,"total_mw":185.57,"active_mw":185.57},"32.372,-96.785":{"projects":1,"total_mw":50.0,"active_mw":50.0},"30.872,-96.147":{"projects":1,"total_mw":154.63,"active_mw":154.63},"30.429,-103.326":{"projects":2,"total_mw":516.14,"active_mw":516.14},"33.272,-95.917":{"projects":3,"total_mw":658.03,"active_mw":658.03},"32.263,-96.388":{"projects":1,"total_mw":173.0,"active_mw":173.0},"30.789,-97.292":{"projects":1,"total_mw":148.16,"active_mw":148.16},"29.067,-96.189":{"projects":2,"total_mw":306.4,"active_mw":306.4},"29.504,-95.087":{"projects":1,"total_mw":150.82,"active_mw":150.82},"28.895,-96.148":{"projects":1,"total_mw":129.81,"active_mw":129.81},"27.444,-97.866":{"projects":1,"total_mw":125.3,"active_mw":125.3},"30.802,-97.424":{"projects":1,"total_mw":116.0,"active_mw":116.0},"32.156,-101.837":{"projects":2,"total_mw":356.93,"active_mw":205.13},"33.684,-95.345":{"projects":2,"total_mw":326.94,"active_mw":326.94},"29.592,-95.955":{"projects":1,"total_mw":202.65,"active_mw":202.65},"31.916,-97.71":{"projects":1,"total_mw":31.23,"active_mw":31.23},"34.161,-99.343":{"projects":2,"total_mw":75.0,"active_mw":75.0},"35.437,-100.197":{"projects":2,"total_mw":303.69,"active_mw":153.69},"26.022,-97.526":{"projects":1,"total_mw":241.48,"active_mw":241.48},"29.701,-97.301":{"projects":1,"total_mw":50.18,"active_mw":50.18},"29.133,-95.941":{"projects":1,"total_mw":100.33,"active_mw":100.33},"32.397,-101.088":{"projects":1,"total_mw":175.65,"active_mw":175.65},"32.298,-97.786":{"projects":1,"total_mw":108.68,"active_mw":108.68},"29.548,-95.862":{"projects":1,"total_mw":50.18,"active_mw":50.18},"33.483,-95.32":{"projects":1,"total_mw":0,"active_mw":0},"29.837,-101.212":{"projects":3,"total_mw":323.32,"active_mw":323.32},"29.515,-95.192":{"projects":1,"total_mw":105.08,"active_mw":105.08},"33.513,-98.458":{"projects":1,"total_mw":0,"active_mw":0},"30.217,-95.647":{"projects":9,"total_mw":1250.81,"active_mw":815.81},"31.783,-96.094":{"projects":1,"total_mw":120.3,"active_mw":120.3},"31.289,-98.995":{"projects":3,"total_mw":666.5,"active_mw":666.5},"33.577,-99.812":{"projects":1,"total_mw":100.61,"active_mw":100.61},"28.889,-99.563":{"projects":11,"total_mw":1870.9,"active_mw":1206.9},"33.183,-100.245":{"projects":4,"total_mw":310.4,"active_mw":310.4},"31.088,-98.011":{"projects":2,"total_mw":315.51,"active_mw":315.51},"31.723,-94.629":{"projects":2,"total_mw":301.5,"active_mw":301.5},"31.992,-102.081":{"projects":9,"total_mw":934.0,"active_mw":724.0},"29.678,-99.317":{"projects":1,"total_mw":201.13,"active_mw":201.13},"29.709,-96.616":{"projects":1,"total_mw":200.85,"active_mw":200.85},"34.005,-98.389":{"projects":18,"total_mw":3184.02,"active_mw":1748.62},